{
    "step_method": "cayley",
    "num_steps": 100000,
    "num_frames": 1000,
    "save_interval": 100,
    "sim_params": {
        "nx": 2000,
        "dx": 0.1,
        "dt": 0.001,
        "infinite": true
    },
    "packet_params": [
        {
            "x0": 8.012298448148123,
            "p0": 1.7855560507244377,
            "sigma": 2.8616817668915306
        },
        {
            "x0": 19.294881513693753,
            "p0": 1.0353370227619871,
            "sigma": 2.3952673132903444
        },
        {
            "x0": 39.84439060880946,
            "p0": 0.8472435945677868,
            "sigma": 1.7159177068300344
        }
    ]
}